Date,No of major tournaments,Revenue,Frequent live viewers ,Occasional live viewers ,Audience
1/1/2017,20,7431,640,483,1123
2/1/2017,25,6731,540,334,874
3/1/2017,22,4870,689,433,1122
4/1/2017,22,5481,585,359,944
5/1/2017,25,9554,506,386,892
6/1/2017,19,8276,673,318,991
7/1/2017,21,8804,688,468,1156
8/1/2017,24,5471,519,494,1013
9/1/2017,21,9069,596,317,913
10/1/2017,18,7190,537,435,972
11/1/2017,18,5466,632,436,1068
12/1/2017,18,7876,631,465,1096
13/01/2017,16,6410,519,402,921
14/01/2017,15,9448,606,451,1057
15/01/2017,23,9423,546,324,870
16/01/2017,21,5279,687,315,1002
17/01/2017,24,6496,579,306,885
18/01/2017,16,7007,581,368,949
19/01/2017,21,6233,669,488,1157
20/01/2017,19,7485,581,494,1075
21/01/2017,15,8947,507,438,945
22/01/2017,15,7130,510,467,977
23/01/2017,18,5904,648,473,1121
24/01/2017,24,8907,578,494,1072
25/01/2017,22,5921,544,354,898
26/01/2017,16,6241,589,335,924
27/01/2017,17,4812,680,419,1099
28/01/2017,16,9049,532,422,954
29/01/2017,20,8955,600,437,1037
30/01/2017,16,6288,643,447,1090
31/01/2017,16,9087,631,427,1058
1/2/2017,20,5791,528,487,1015
2/2/2017,21,6723,592,455,1047
3/2/2017,25,9614,517,441,958
4/2/2017,21,5092,534,423,957
5/2/2017,18,6483,537,326,863
6/2/2017,23,8411,669,406,1075
7/2/2017,25,9588,559,391,950
8/2/2017,18,8383,533,405,938
9/2/2017,17,7861,664,387,1051
10/2/2017,15,6205,598,434,1032
11/2/2017,22,8840,635,459,1094
12/2/2017,24,7151,617,387,1004
13/02/2017,20,9695,607,313,920
14/02/2017,17,8050,570,489,1059
15/02/2017,19,4916,520,469,989
16/02/2017,20,7508,546,465,1011
17/02/2017,18,8973,686,345,1031
18/02/2017,22,7526,588,411,999
19/02/2017,24,5744,557,355,912
20/02/2017,24,5537,591,408,999
21/02/2017,23,8145,518,372,890
22/02/2017,20,7808,659,313,972
23/02/2017,17,9105,545,394,939
24/02/2017,25,5106,641,456,1097
25/02/2017,21,7159,552,414,966
26/02/2017,15,9796,554,310,864
27/02/2017,20,9641,548,424,972
28/02/2017,23,8063,679,455,1134
1/3/2017,19,9465,695,405,1100
2/3/2017,16,8006,512,399,911
3/3/2017,22,5442,509,403,912
4/3/2017,22,5147,641,407,1048
5/3/2017,20,7528,524,418,942
6/3/2017,20,7204,543,340,883
7/3/2017,22,8729,682,494,1176
8/3/2017,24,9487,628,446,1074
9/3/2017,24,6541,575,303,878
10/3/2017,24,9602,549,370,919
11/3/2017,22,8566,508,375,883
12/3/2017,20,6508,680,443,1123
13/03/2017,18,8209,537,326,863
14/03/2017,21,6229,569,438,1007
15/03/2017,17,6366,651,452,1103
16/03/2017,15,6119,586,344,930
17/03/2017,17,5969,671,428,1099
18/03/2017,24,8450,621,300,921
19/03/2017,17,6079,644,500,1144
20/03/2017,24,6102,503,488,991
21/03/2017,22,8221,535,337,872
22/03/2017,22,9773,616,421,1037
23/03/2017,25,9575,638,306,944
24/03/2017,24,7606,668,463,1131
25/03/2017,20,7464,638,442,1080
26/03/2017,25,7953,570,321,891
27/03/2017,18,8442,609,476,1085
28/03/2017,19,6487,518,411,929
29/03/2017,20,8321,586,480,1066
30/03/2017,15,5297,652,482,1134
31/03/2017,20,6616,604,429,1033
1/4/2017,22,9033,673,349,1022
2/4/2017,18,9698,603,401,1004
3/4/2017,17,7822,578,368,946
4/4/2017,15,6221,501,457,958
5/4/2017,17,9596,562,358,920
6/4/2017,21,6742,682,480,1162
7/4/2017,25,6183,515,482,997
8/4/2017,19,4894,503,397,900
9/4/2017,21,6890,603,382,985
10/4/2017,21,5300,595,418,1013
11/4/2017,22,7165,674,322,996
12/4/2017,16,9291,693,420,1113
13/04/2017,22,6038,687,446,1133
14/04/2017,21,5381,532,493,1025
15/04/2017,20,8958,621,340,961
16/04/2017,21,4837,634,462,1096
17/04/2017,15,8894,646,409,1055
18/04/2017,18,9567,507,371,878
19/04/2017,16,5430,519,487,1006
20/04/2017,16,6471,663,446,1109
21/04/2017,20,5641,606,493,1099
22/04/2017,18,6441,604,304,908
23/04/2017,21,7023,674,304,978
24/04/2017,21,5272,678,322,1000
25/04/2017,18,7479,539,415,954
26/04/2017,25,9398,685,322,1007
27/04/2017,21,6296,669,446,1115
28/04/2017,16,7330,645,377,1022
29/04/2017,19,9298,597,418,1015
30/04/2017,16,6813,700,432,1132
1/5/2017,24,7768,699,314,1013
2/5/2017,23,9018,533,451,984
3/5/2017,16,5339,536,375,911
4/5/2017,15,6392,535,381,916
5/5/2017,15,9048,685,391,1076
6/5/2017,22,9541,561,305,866
7/5/2017,24,8305,526,381,907
8/5/2017,16,8666,589,316,905
9/5/2017,21,6497,594,408,1002
10/5/2017,15,6931,577,476,1053
11/5/2017,20,6069,658,360,1018
12/5/2017,22,5638,528,366,894
13/05/2017,24,8180,620,415,1035
14/05/2017,22,9474,627,306,933
15/05/2017,18,7884,557,415,972
16/05/2017,19,8219,593,444,1037
17/05/2017,24,5182,510,356,866
18/05/2017,19,7568,605,324,929
19/05/2017,16,7062,548,349,897
20/05/2017,17,8601,642,380,1022
21/05/2017,15,6971,557,452,1009
22/05/2017,24,9292,536,431,967
23/05/2017,25,7391,606,381,987
24/05/2017,20,5593,664,462,1126
25/05/2017,23,5443,700,419,1119
26/05/2017,24,7667,692,413,1105
27/05/2017,22,7781,592,490,1082
28/05/2017,24,7639,660,458,1118
29/05/2017,18,6660,645,475,1120
30/05/2017,20,9715,602,389,991
31/05/2017,22,6860,666,385,1051
1/6/2017,24,5429,616,493,1109
2/6/2017,19,8342,696,467,1163
3/6/2017,19,4857,610,471,1081
4/6/2017,16,7035,685,442,1127
5/6/2017,23,6736,683,452,1135
6/6/2017,22,8031,586,376,962
7/6/2017,18,6346,638,393,1031
8/6/2017,15,9075,505,421,926
9/6/2017,25,5416,670,302,972
10/6/2017,16,5060,562,369,931
11/6/2017,20,5601,604,310,914
12/6/2017,25,7975,674,394,1068
13/06/2017,25,9006,677,475,1152
14/06/2017,18,9075,528,362,890
15/06/2017,15,9777,633,389,1022
16/06/2017,21,8129,537,427,964
17/06/2017,17,7794,658,420,1078
18/06/2017,25,9209,545,340,885
19/06/2017,16,7870,533,314,847
20/06/2017,15,7413,632,429,1061
21/06/2017,18,5908,543,450,993
22/06/2017,21,6191,506,500,1006
23/06/2017,17,5561,511,368,879
24/06/2017,16,7901,546,403,949
25/06/2017,22,7629,648,394,1042
26/06/2017,15,8896,506,386,892
27/06/2017,20,7354,518,321,839
28/06/2017,15,4919,632,325,957
29/06/2017,20,7069,631,367,998
30/06/2017,21,5522,695,466,1161
1/7/2017,20,9649,621,336,957
2/7/2017,24,9060,609,486,1095
3/7/2017,16,5274,531,357,888
4/7/2017,15,6176,613,388,1001
5/7/2017,24,9240,617,408,1025
6/7/2017,17,7200,541,312,853
7/7/2017,24,9163,599,416,1015
8/7/2017,21,6972,535,357,892
9/7/2017,16,4949,671,489,1160
10/7/2017,22,8143,613,422,1035
11/7/2017,25,6699,675,359,1034
12/7/2017,20,7641,622,420,1042
13/07/2017,19,7746,555,390,945
14/07/2017,18,6932,529,446,975
15/07/2017,22,7283,542,325,867
16/07/2017,15,8381,597,351,948
17/07/2017,25,9344,620,467,1087
18/07/2017,17,4918,513,388,901
19/07/2017,21,8862,683,481,1164
20/07/2017,25,6530,598,320,918
21/07/2017,25,9261,551,391,942
22/07/2017,21,8356,683,481,1164
23/07/2017,20,6174,685,385,1070
24/07/2017,17,6669,582,363,945
25/07/2017,23,5708,506,328,834
26/07/2017,17,6112,659,330,989
27/07/2017,17,7184,619,458,1077
28/07/2017,20,6535,669,457,1126
29/07/2017,22,7365,654,308,962
30/07/2017,19,6155,579,376,955
31/07/2017,15,8671,570,317,887
1/8/2017,20,6279,687,402,1089
2/8/2017,16,9031,584,301,885
3/8/2017,24,6901,654,359,1013
4/8/2017,23,5431,619,337,956
5/8/2017,24,8363,550,466,1016
6/8/2017,18,9116,503,449,952
7/8/2017,20,9754,681,337,1018
8/8/2017,15,6357,607,438,1045
9/8/2017,18,9557,691,413,1104
10/8/2017,16,8445,614,308,922
11/8/2017,23,5117,598,335,933
12/8/2017,21,7411,674,329,1003
13/08/2017,20,8221,593,410,1003
14/08/2017,15,7561,565,475,1040
15/08/2017,23,7559,551,492,1043
16/08/2017,16,5841,698,444,1142
17/08/2017,15,7217,622,395,1017
18/08/2017,19,7114,677,324,1001
19/08/2017,20,7252,615,434,1049
20/08/2017,21,8537,632,494,1126
21/08/2017,22,6897,587,487,1074
22/08/2017,25,7634,663,329,992
23/08/2017,24,8049,609,414,1023
24/08/2017,22,5849,699,358,1057
25/08/2017,15,9774,592,498,1090
26/08/2017,17,5121,548,460,1008
27/08/2017,16,6425,589,489,1078
28/08/2017,19,6999,609,332,941
29/08/2017,21,6128,583,491,1074
30/08/2017,18,7608,669,438,1107
31/08/2017,25,6257,694,328,1022
1/9/2017,15,9590,640,359,999
2/9/2017,20,9488,574,414,988
3/9/2017,21,7852,535,430,965
4/9/2017,16,8769,621,366,987
5/9/2017,18,5362,680,411,1091
6/9/2017,17,8518,649,430,1079
7/9/2017,25,5790,550,305,855
8/9/2017,24,9346,542,428,970
9/9/2017,15,6932,633,360,993
10/9/2017,25,6998,546,486,1032
11/9/2017,20,5613,681,415,1096
12/9/2017,23,6991,603,499,1102
13/09/2017,18,4867,630,361,991
14/09/2017,18,6206,604,382,986
15/09/2017,16,7388,611,330,941
16/09/2017,16,8048,530,384,914
17/09/2017,18,8314,547,419,966
18/09/2017,24,7442,691,308,999
19/09/2017,25,9056,577,445,1022
20/09/2017,20,8626,589,494,1083
21/09/2017,21,9650,556,319,875
22/09/2017,20,5190,554,400,954
23/09/2017,18,7706,677,453,1130
24/09/2017,22,9325,614,327,941
25/09/2017,22,7420,521,385,906
26/09/2017,16,5495,692,456,1148
27/09/2017,21,5425,663,499,1162
28/09/2017,18,5849,605,367,972
29/09/2017,19,7244,655,497,1152
30/09/2017,17,5285,601,456,1057
1/10/2017,18,9085,671,456,1127
2/10/2017,23,7679,623,465,1088
3/10/2017,25,6523,518,497,1015
4/10/2017,22,4826,560,412,972
5/10/2017,25,7376,565,387,952
6/10/2017,15,9210,594,462,1056
7/10/2017,17,6453,540,308,848
8/10/2017,16,5716,579,320,899
9/10/2017,18,5609,543,421,964
10/10/2017,15,7433,571,419,990
11/10/2017,25,4842,546,403,949
12/10/2017,23,8805,581,401,982
13/10/2017,25,8287,641,369,1010
14/10/2017,18,4884,592,402,994
15/10/2017,19,8057,648,405,1053
16/10/2017,17,5728,562,349,911
17/10/2017,23,8242,595,395,990
18/10/2017,22,6014,619,389,1008
19/10/2017,15,5351,590,452,1042
20/10/2017,20,6527,508,363,871
21/10/2017,24,4908,507,491,998
22/10/2017,16,7075,608,405,1013
23/10/2017,22,5772,507,344,851
24/10/2017,18,6358,558,388,946
25/10/2017,15,6398,561,318,879
26/10/2017,24,8252,557,308,865
27/10/2017,18,9100,513,410,923
28/10/2017,22,8425,611,412,1023
29/10/2017,15,6235,504,452,956
30/10/2017,17,4971,661,438,1099
31/10/2017,18,6847,571,460,1031
1/11/2017,16,5728,575,371,946
2/11/2017,20,5640,596,317,913
3/11/2017,22,6593,687,488,1175
4/11/2017,23,6852,508,481,989
5/11/2017,24,5102,631,326,957
6/11/2017,20,5620,515,393,908
7/11/2017,23,9795,539,390,929
8/11/2017,16,5678,672,358,1030
9/11/2017,22,5341,559,478,1037
10/11/2017,15,9731,629,447,1076
11/11/2017,20,7956,532,381,913
12/11/2017,22,7393,610,476,1086
13/11/2017,18,7966,597,406,1003
14/11/2017,22,9283,556,434,990
15/11/2017,18,7494,599,461,1060
16/11/2017,20,5751,639,383,1022
17/11/2017,20,9596,581,363,944
18/11/2017,15,7248,548,438,986
19/11/2017,17,5956,503,349,852
20/11/2017,16,7949,582,411,993
21/11/2017,25,6473,502,452,954
22/11/2017,25,7259,635,358,993
23/11/2017,15,9412,669,351,1020
24/11/2017,20,7825,564,431,995
25/11/2017,15,4966,542,440,982
26/11/2017,23,8393,628,317,945
27/11/2017,18,4936,640,379,1019
28/11/2017,18,7550,634,476,1110
29/11/2017,15,8692,577,387,964
30/11/2017,17,9112,535,349,884
1/12/2017,20,5435,642,309,951
2/12/2017,22,5620,527,448,975
3/12/2017,25,6626,637,376,1013
4/12/2017,16,6163,607,426,1033
5/12/2017,20,4920,672,437,1109
6/12/2017,15,7322,627,364,991
7/12/2017,16,5350,589,397,986
8/12/2017,23,6945,536,472,1008
9/12/2017,15,5218,615,464,1079
10/12/2017,17,4992,528,335,863
11/12/2017,15,5114,625,442,1067
12/12/2017,19,6372,595,388,983
13/12/2017,23,5713,592,465,1057
14/12/2017,24,5268,608,494,1102
15/12/2017,19,7613,690,368,1058
16/12/2017,21,5076,640,366,1006
17/12/2017,16,6347,596,314,910
18/12/2017,19,6980,563,413,976
19/12/2017,16,6805,681,335,1016
20/12/2017,23,5656,648,402,1050
21/12/2017,19,6422,502,494,996
22/12/2017,20,5460,550,427,977
23/12/2017,17,4879,617,358,975
24/12/2017,24,6851,609,428,1037
25/12/2017,16,8417,644,404,1048
26/12/2017,25,6727,692,439,1131
27/12/2017,19,7044,545,407,952
28/12/2017,20,5283,589,301,890
29/12/2017,17,5058,550,499,1049
30/12/2017,25,4835,572,325,897
31/12/2017,22,8499,501,345,846
1/1/2018,21,8826,504,592,1096
2/1/2018,17,7433,461,522,983
3/1/2018,21,9437,516,524,1040
4/1/2018,17,5753,456,594,1050
5/1/2018,18,6834,492,549,1041
6/1/2018,15,6744,465,544,1009
7/1/2018,17,5537,569,491,1060
8/1/2018,15,7407,514,485,999
9/1/2018,17,8847,478,481,959
10/1/2018,20,8086,581,598,1179
11/1/2018,21,7921,528,472,1000
12/1/2018,20,8685,553,480,1033
13/01/2018,17,6025,509,454,963
14/01/2018,22,8339,453,513,966
15/01/2018,24,6133,454,467,921
16/01/2018,16,6480,587,484,1071
17/01/2018,24,5915,514,472,986
18/01/2018,24,6556,511,599,1110
19/01/2018,25,6942,468,512,980
20/01/2018,19,7727,582,531,1113
21/01/2018,19,5876,569,547,1116
22/01/2018,25,5996,458,562,1020
23/01/2018,19,5806,484,537,1021
24/01/2018,24,8407,524,508,1032
25/01/2018,22,7961,466,569,1035
26/01/2018,22,8720,489,525,1014
27/01/2018,18,7345,456,580,1036
28/01/2018,17,6414,598,533,1131
29/01/2018,17,6603,513,580,1093
30/01/2018,17,8710,480,591,1071
31/01/2018,22,9257,510,487,997
1/2/2018,20,7551,501,534,1035
2/2/2018,17,9128,576,561,1137
3/2/2018,21,6183,585,531,1116
4/2/2018,23,7294,591,562,1153
5/2/2018,20,6875,461,503,964
6/2/2018,15,6581,508,474,982
7/2/2018,15,7346,527,538,1065
8/2/2018,17,7109,451,470,921
9/2/2018,25,8119,530,503,1033
10/2/2018,20,5638,527,456,983
11/2/2018,16,6451,573,500,1073
12/2/2018,18,9593,552,475,1027
13/02/2018,18,5882,491,491,982
14/02/2018,24,9444,474,566,1040
15/02/2018,20,8697,548,501,1049
16/02/2018,25,7824,542,490,1032
17/02/2018,18,7191,526,517,1043
18/02/2018,16,7406,581,529,1110
19/02/2018,20,7983,591,579,1170
20/02/2018,18,5602,519,583,1102
21/02/2018,15,9141,518,594,1112
22/02/2018,23,9670,571,566,1137
23/02/2018,16,6235,531,460,991
24/02/2018,24,9957,450,554,1004
25/02/2018,15,5535,462,557,1019
26/02/2018,24,8143,512,563,1075
27/02/2018,15,6764,553,477,1030
28/02/2018,25,7230,545,476,1021
1/3/2018,23,7604,600,587,1187
2/3/2018,23,8315,587,595,1182
3/3/2018,24,6841,483,514,997
4/3/2018,19,8599,477,466,943
5/3/2018,22,9467,470,488,958
6/3/2018,18,9724,450,574,1024
7/3/2018,19,6156,554,585,1139
8/3/2018,21,9193,548,506,1054
9/3/2018,22,6946,540,463,1003
10/3/2018,17,9738,596,539,1135
11/3/2018,15,6987,524,498,1022
12/3/2018,17,6146,586,459,1045
13/03/2018,15,7782,507,544,1051
14/03/2018,16,5915,490,586,1076
15/03/2018,20,7152,539,555,1094
16/03/2018,23,5939,453,568,1021
17/03/2018,19,8404,462,481,943
18/03/2018,20,8564,467,578,1045
19/03/2018,17,9680,510,520,1030
20/03/2018,17,9474,538,588,1126
21/03/2018,21,7232,581,545,1126
22/03/2018,20,9582,535,574,1109
23/03/2018,15,6857,561,584,1145
24/03/2018,16,6059,582,585,1167
25/03/2018,20,7631,519,535,1054
26/03/2018,15,7743,549,544,1093
27/03/2018,22,8141,524,520,1044
28/03/2018,19,6477,487,482,969
29/03/2018,25,9039,523,520,1043
30/03/2018,24,9997,542,521,1063
31/03/2018,16,5933,545,503,1048
1/4/2018,21,7003,465,462,927
2/4/2018,16,9117,513,537,1050
3/4/2018,25,7266,565,594,1159
4/4/2018,21,5872,519,511,1030
5/4/2018,17,7627,599,456,1055
6/4/2018,15,6139,496,576,1072
7/4/2018,22,6934,519,574,1093
8/4/2018,25,9035,504,504,1008
9/4/2018,20,8614,476,542,1018
10/4/2018,20,8760,478,501,979
11/4/2018,15,8726,513,598,1111
12/4/2018,20,8195,531,529,1060
13/04/2018,22,6856,552,454,1006
14/04/2018,21,5742,465,473,938
15/04/2018,17,7748,473,503,976
16/04/2018,18,8491,581,523,1104
17/04/2018,25,8679,466,563,1029
18/04/2018,24,7589,568,593,1161
19/04/2018,24,8036,522,595,1117
20/04/2018,19,9162,539,524,1063
21/04/2018,15,9161,598,567,1165
22/04/2018,23,9290,468,586,1054
23/04/2018,19,5726,495,578,1073
24/04/2018,19,5710,455,531,986
25/04/2018,19,6140,542,451,993
26/04/2018,19,9012,568,465,1033
27/04/2018,19,9523,503,500,1003
28/04/2018,20,8055,468,466,934
29/04/2018,16,7468,565,486,1051
30/04/2018,16,8307,590,482,1072
1/5/2018,18,8584,495,460,955
2/5/2018,15,8945,481,565,1046
3/5/2018,24,6990,468,526,994
4/5/2018,24,6355,486,497,983
5/5/2018,21,7580,519,523,1042
6/5/2018,22,5646,455,572,1027
7/5/2018,24,9362,505,570,1075
8/5/2018,18,7421,523,478,1001
9/5/2018,21,9051,580,596,1176
10/5/2018,24,6987,575,542,1117
11/5/2018,20,9147,575,589,1164
12/5/2018,21,9921,497,567,1064
13/05/2018,18,6661,508,522,1030
14/05/2018,25,9754,498,539,1037
15/05/2018,19,8915,472,525,997
16/05/2018,24,5670,558,458,1016
17/05/2018,16,9547,551,580,1131
18/05/2018,19,7334,549,488,1037
19/05/2018,15,7089,510,458,968
20/05/2018,23,7455,467,566,1033
21/05/2018,16,7049,497,484,981
22/05/2018,20,5908,593,516,1109
23/05/2018,18,6859,486,522,1008
24/05/2018,16,7371,571,574,1145
25/05/2018,17,6756,571,486,1057
26/05/2018,19,9863,529,534,1063
27/05/2018,18,8846,555,493,1048
28/05/2018,21,9143,454,482,936
29/05/2018,25,9612,450,554,1004
30/05/2018,21,8538,598,491,1089
31/05/2018,22,5775,511,475,986
1/6/2018,23,6505,548,480,1028
2/6/2018,23,9125,588,563,1151
3/6/2018,23,6349,560,532,1092
4/6/2018,18,9459,583,532,1115
5/6/2018,19,6661,524,585,1109
6/6/2018,18,8549,552,475,1027
7/6/2018,25,7903,568,514,1082
8/6/2018,19,6102,450,548,998
9/6/2018,18,5878,495,589,1084
10/6/2018,17,7826,593,535,1128
11/6/2018,19,7779,472,480,952
12/6/2018,22,8619,465,456,921
13/06/2018,17,8189,587,479,1066
14/06/2018,25,7263,573,450,1023
15/06/2018,21,5547,553,482,1035
16/06/2018,21,8734,476,502,978
17/06/2018,23,8150,502,484,986
18/06/2018,21,6150,572,524,1096
19/06/2018,22,7779,585,564,1149
20/06/2018,15,5884,531,504,1035
21/06/2018,17,9970,499,593,1092
22/06/2018,15,5683,536,578,1114
23/06/2018,19,6086,469,495,964
24/06/2018,24,6843,581,495,1076
25/06/2018,22,6387,541,524,1065
26/06/2018,21,6823,553,549,1102
27/06/2018,25,6547,460,549,1009
28/06/2018,21,6044,515,482,997
29/06/2018,20,6228,508,569,1077
30/06/2018,16,6251,488,571,1059
1/7/2018,17,6362,593,498,1091
2/7/2018,16,8797,484,455,939
3/7/2018,17,6678,460,487,947
4/7/2018,25,9950,512,484,996
5/7/2018,22,8039,593,533,1126
6/7/2018,16,6896,469,462,931
7/7/2018,19,7076,505,520,1025
8/7/2018,22,8237,566,512,1078
9/7/2018,22,7104,528,468,996
10/7/2018,19,6292,545,462,1007
11/7/2018,19,9522,580,490,1070
12/7/2018,17,6723,560,522,1082
13/07/2018,25,6354,453,562,1015
14/07/2018,17,9024,575,585,1160
15/07/2018,22,6102,535,592,1127
16/07/2018,17,9144,518,575,1093
17/07/2018,25,8263,518,573,1091
18/07/2018,20,6466,481,499,980
19/07/2018,22,7096,598,525,1123
20/07/2018,25,8131,564,571,1135
21/07/2018,21,5701,474,519,993
22/07/2018,16,9198,454,501,955
23/07/2018,16,6350,461,578,1039
24/07/2018,18,9069,480,599,1079
25/07/2018,23,6948,529,577,1106
26/07/2018,18,8898,558,514,1072
27/07/2018,21,9880,598,459,1057
28/07/2018,16,6700,524,515,1039
29/07/2018,24,7071,560,450,1010
30/07/2018,23,6243,562,578,1140
31/07/2018,20,7557,599,553,1152
1/8/2018,15,6021,537,553,1090
2/8/2018,17,7760,586,503,1089
3/8/2018,23,6909,551,542,1093
4/8/2018,16,7749,561,562,1123
5/8/2018,17,9048,532,598,1130
6/8/2018,24,9456,514,519,1033
7/8/2018,15,6885,487,498,985
8/8/2018,15,6181,490,525,1015
9/8/2018,21,5599,594,476,1070
10/8/2018,22,9518,542,502,1044
11/8/2018,22,9398,451,554,1005
12/8/2018,24,5620,492,600,1092
13/08/2018,15,7471,450,451,901
14/08/2018,25,8216,452,528,980
15/08/2018,16,6042,462,573,1035
16/08/2018,19,9607,546,548,1094
17/08/2018,24,6454,585,577,1162
18/08/2018,25,8507,475,549,1024
19/08/2018,18,7618,599,499,1098
20/08/2018,19,9204,550,496,1046
21/08/2018,18,8244,512,451,963
22/08/2018,21,6017,467,529,996
23/08/2018,23,8372,520,519,1039
24/08/2018,18,5531,477,457,934
25/08/2018,16,9869,506,455,961
26/08/2018,25,8965,515,577,1092
27/08/2018,19,6558,486,572,1058
28/08/2018,15,8455,545,473,1018
29/08/2018,16,7640,455,481,936
30/08/2018,23,6042,496,500,996
31/08/2018,16,6636,561,479,1040
1/9/2018,19,9799,543,509,1052
2/9/2018,23,8678,522,523,1045
3/9/2018,17,9044,510,515,1025
4/9/2018,19,5702,544,586,1130
5/9/2018,21,7391,576,514,1090
6/9/2018,23,9818,496,523,1019
7/9/2018,22,5793,570,485,1055
8/9/2018,20,5906,517,472,989
9/9/2018,15,6712,486,551,1037
10/9/2018,20,8279,492,497,989
11/9/2018,15,9880,515,589,1104
12/9/2018,17,9348,509,521,1030
13/09/2018,15,7690,506,498,1004
14/09/2018,25,9978,544,594,1138
15/09/2018,24,5521,485,493,978
16/09/2018,16,9004,519,568,1087
17/09/2018,20,9979,579,488,1067
18/09/2018,17,9672,526,580,1106
19/09/2018,22,7495,596,584,1180
20/09/2018,24,9772,576,452,1028
21/09/2018,24,5966,595,481,1076
22/09/2018,20,5958,510,523,1033
23/09/2018,22,8710,563,545,1108
24/09/2018,20,6232,499,559,1058
25/09/2018,18,6907,563,497,1060
26/09/2018,15,6347,581,496,1077
27/09/2018,21,6994,594,561,1155
28/09/2018,20,6896,571,455,1026
29/09/2018,19,7417,573,475,1048
30/09/2018,22,9704,536,541,1077
1/10/2018,17,8232,457,596,1053
2/10/2018,24,7791,558,591,1149
3/10/2018,23,8130,450,563,1013
4/10/2018,22,5600,453,475,928
5/10/2018,23,5910,485,498,983
6/10/2018,23,7975,474,542,1016
7/10/2018,22,6854,565,546,1111
8/10/2018,20,6609,539,584,1123
9/10/2018,23,7877,588,540,1128
10/10/2018,16,8860,515,586,1101
11/10/2018,17,9348,500,562,1062
12/10/2018,18,8917,590,566,1156
13/10/2018,19,8165,535,586,1121
14/10/2018,20,7759,581,484,1065
15/10/2018,19,9826,494,524,1018
16/10/2018,15,6640,522,508,1030
17/10/2018,17,6582,521,544,1065
18/10/2018,18,7097,548,528,1076
19/10/2018,16,6698,571,576,1147
20/10/2018,18,5837,597,500,1097
21/10/2018,23,8325,521,504,1025
22/10/2018,20,6084,588,496,1084
23/10/2018,17,6378,502,599,1101
24/10/2018,25,9463,558,526,1084
25/10/2018,25,6730,580,581,1161
26/10/2018,18,6608,515,508,1023
27/10/2018,23,6798,579,526,1105
28/10/2018,20,6585,508,509,1017
29/10/2018,20,8527,529,535,1064
30/10/2018,16,7257,517,479,996
31/10/2018,25,7941,530,504,1034
1/11/2018,23,8836,530,458,988
2/11/2018,17,5648,501,560,1061
3/11/2018,15,7505,517,534,1051
4/11/2018,22,9899,540,568,1108
5/11/2018,20,8033,465,591,1056
6/11/2018,17,6292,550,582,1132
7/11/2018,22,6170,467,511,978
8/11/2018,16,7604,597,509,1106
9/11/2018,25,6574,567,584,1151
10/11/2018,17,7423,466,558,1024
11/11/2018,20,7410,572,464,1036
12/11/2018,18,8965,579,490,1069
13/11/2018,24,9534,462,531,993
14/11/2018,22,7168,517,589,1106
15/11/2018,24,9597,543,583,1126
16/11/2018,17,6431,546,579,1125
17/11/2018,18,7516,510,556,1066
18/11/2018,19,7649,518,520,1038
19/11/2018,23,7577,493,526,1019
20/11/2018,25,7951,573,480,1053
21/11/2018,19,9862,553,563,1116
22/11/2018,22,6297,547,471,1018
23/11/2018,17,9089,492,479,971
24/11/2018,24,8784,530,516,1046
25/11/2018,18,9212,533,492,1025
26/11/2018,15,8094,555,506,1061
27/11/2018,18,7039,459,472,931
28/11/2018,17,5770,452,556,1008
29/11/2018,21,6434,587,568,1155
30/11/2018,18,5702,465,474,939
1/12/2018,22,9321,569,539,1108
2/12/2018,22,9555,528,471,999
3/12/2018,25,6568,541,573,1114
4/12/2018,22,9250,563,466,1029
5/12/2018,17,9013,583,538,1121
6/12/2018,17,6139,494,452,946
7/12/2018,22,8556,556,504,1060
8/12/2018,24,5659,507,541,1048
9/12/2018,19,5522,471,548,1019
10/12/2018,23,5699,482,509,991
11/12/2018,18,8195,551,457,1008
12/12/2018,20,6034,546,482,1028
13/12/2018,18,6354,451,478,929
14/12/2018,21,6479,592,518,1110
15/12/2018,25,6504,458,459,917
16/12/2018,23,9765,501,600,1101
17/12/2018,19,9747,530,554,1084
18/12/2018,16,7353,551,594,1145
19/12/2018,19,7275,463,556,1019
20/12/2018,22,5977,516,501,1017
21/12/2018,25,6017,543,570,1113
22/12/2018,15,9746,460,594,1054
23/12/2018,25,7421,504,470,974
24/12/2018,23,9849,564,450,1014
25/12/2018,22,6712,588,534,1122
26/12/2018,20,8360,520,536,1056
27/12/2018,23,9733,556,535,1091
28/12/2018,24,5501,473,482,955
29/12/2018,19,6778,483,475,958
30/12/2018,24,6717,519,598,1117
31/12/2018,16,6906,552,537,1089
1/1/2019,19,8766,754,514,1268
2/1/2019,25,9141,728,523,1251
3/1/2019,18,9257,703,567,1270
4/1/2019,22,9397,779,505,1284
5/1/2019,16,8971,796,589,1385
6/1/2019,23,8838,728,545,1273
7/1/2019,24,8805,731,544,1275
8/1/2019,16,8845,708,596,1304
9/1/2019,23,8532,712,593,1305
10/1/2019,16,9209,734,541,1275
11/1/2019,21,9329,795,575,1370
12/1/2019,23,9111,785,554,1339
13/01/2019,16,9097,794,531,1325
14/01/2019,24,9463,769,532,1301
15/01/2019,20,8508,751,500,1251
16/01/2019,22,8646,752,507,1259
17/01/2019,20,8704,733,532,1265
18/01/2019,17,9180,745,554,1299
19/01/2019,24,9180,751,592,1343
20/01/2019,20,8546,759,507,1266
21/01/2019,15,8916,782,586,1368
22/01/2019,25,8986,724,574,1298
23/01/2019,22,8543,736,549,1285
24/01/2019,24,9430,709,505,1214
25/01/2019,25,8625,763,589,1352
26/01/2019,16,8668,761,511,1272
27/01/2019,16,8802,730,529,1259
28/01/2019,16,9346,703,540,1243
29/01/2019,24,8930,765,531,1296
30/01/2019,15,8580,719,545,1264
31/01/2019,19,8688,714,597,1311
1/2/2019,19,8989,719,548,1267
2/2/2019,25,8861,800,560,1360
3/2/2019,19,8677,793,600,1393
4/2/2019,18,9290,786,585,1371
5/2/2019,15,8820,735,590,1325
6/2/2019,19,8621,737,540,1277
7/2/2019,18,8792,728,511,1239
8/2/2019,20,9068,748,587,1335
9/2/2019,18,9467,783,504,1287
10/2/2019,25,8515,760,564,1324
11/2/2019,16,8720,717,543,1260
12/2/2019,24,9385,767,530,1297
13/02/2019,19,9464,744,521,1265
14/02/2019,18,9067,761,574,1335
15/02/2019,15,9160,796,569,1365
16/02/2019,20,8826,771,585,1356
17/02/2019,15,8995,704,503,1207
18/02/2019,21,9320,701,556,1257
19/02/2019,22,9008,722,565,1287
20/02/2019,20,9121,757,513,1270
21/02/2019,20,8902,719,544,1263
22/02/2019,20,8501,774,523,1297
23/02/2019,15,8501,727,583,1310
24/02/2019,15,8814,720,521,1241
25/02/2019,20,9361,730,533,1263
26/02/2019,18,8865,721,522,1243
27/02/2019,22,9169,791,586,1377
28/02/2019,21,9157,727,599,1326
1/3/2019,18,9148,761,501,1262
2/3/2019,16,9126,738,543,1281
3/3/2019,22,9397,765,568,1333
4/3/2019,20,9460,723,531,1254
5/3/2019,21,8599,727,536,1263
6/3/2019,23,9149,726,568,1294
7/3/2019,24,8513,764,531,1295
8/3/2019,20,9163,773,547,1320
9/3/2019,19,8764,752,585,1337
10/3/2019,20,9184,741,525,1266
11/3/2019,22,8885,746,522,1268
12/3/2019,18,8930,740,549,1289
13/03/2019,18,8586,715,527,1242
14/03/2019,16,9055,728,504,1232
15/03/2019,19,8992,749,593,1342
16/03/2019,16,8861,725,580,1305
17/03/2019,18,9148,717,521,1238
18/03/2019,16,9431,781,556,1337
19/03/2019,15,9180,747,536,1283
20/03/2019,25,9090,708,597,1305
21/03/2019,15,9314,742,516,1258
22/03/2019,19,9025,721,520,1241
23/03/2019,25,8587,750,599,1349
24/03/2019,25,8969,701,517,1218
25/03/2019,19,8901,784,529,1313
26/03/2019,21,9067,717,593,1310
27/03/2019,23,8540,793,552,1345
28/03/2019,23,9173,709,587,1296
29/03/2019,21,8650,741,514,1255
30/03/2019,25,9316,794,549,1343
31/03/2019,23,9129,722,520,1242
1/4/2019,16,9425,752,529,1281
2/4/2019,20,8507,767,585,1352
3/4/2019,24,8532,723,530,1253
4/4/2019,18,9249,727,539,1266
5/4/2019,17,9477,767,547,1314
6/4/2019,19,8778,787,571,1358
7/4/2019,25,8890,799,507,1306
8/4/2019,21,9161,739,500,1239
9/4/2019,25,9497,728,600,1328
10/4/2019,15,9499,771,550,1321
11/4/2019,20,8863,753,528,1281
12/4/2019,24,9012,734,517,1251
13/04/2019,20,8882,783,535,1318
14/04/2019,20,9006,799,583,1382
15/04/2019,16,8765,718,589,1307
16/04/2019,16,8644,769,542,1311
17/04/2019,23,8816,794,508,1302
18/04/2019,19,8591,715,514,1229
19/04/2019,23,8509,722,565,1287
20/04/2019,15,8635,776,511,1287
21/04/2019,16,9294,758,595,1353
22/04/2019,24,8637,700,586,1286
23/04/2019,22,9205,765,589,1354
24/04/2019,25,8969,717,580,1297
25/04/2019,20,9373,793,595,1388
26/04/2019,23,9244,771,553,1324
27/04/2019,23,8712,738,559,1297
28/04/2019,25,8562,741,509,1250
29/04/2019,20,9216,778,561,1339
30/04/2019,25,9326,796,530,1326
1/5/2019,24,9225,757,587,1344
2/5/2019,16,9022,723,534,1257
3/5/2019,17,8553,710,512,1222
4/5/2019,18,9280,758,568,1326
5/5/2019,16,9140,795,545,1340
6/5/2019,16,9340,760,595,1355
7/5/2019,18,8894,727,563,1290
8/5/2019,18,8727,748,512,1260
9/5/2019,21,8706,744,600,1344
10/5/2019,16,9147,799,551,1350
11/5/2019,16,8635,789,504,1293
12/5/2019,17,8809,742,574,1316
13/05/2019,21,9010,728,513,1241
14/05/2019,22,9035,734,596,1330
15/05/2019,24,9296,792,549,1341
16/05/2019,21,8673,705,599,1304
17/05/2019,20,9222,785,554,1339
18/05/2019,23,9172,729,516,1245
19/05/2019,22,9408,742,527,1269
20/05/2019,17,8523,704,501,1205
21/05/2019,20,8646,716,555,1271
22/05/2019,25,8548,771,555,1326
23/05/2019,20,8893,757,520,1277
24/05/2019,18,9209,706,549,1255
25/05/2019,19,8805,756,593,1349
26/05/2019,15,8504,761,592,1353
27/05/2019,24,8598,784,547,1331
28/05/2019,23,9316,753,586,1339
29/05/2019,24,9247,774,510,1284
30/05/2019,21,8768,716,563,1279
31/05/2019,15,8518,727,532,1259
1/6/2019,15,9452,702,582,1284
2/6/2019,18,9135,778,542,1320
3/6/2019,18,9174,761,580,1341
4/6/2019,25,9165,790,517,1307
5/6/2019,16,9108,716,523,1239
6/6/2019,18,8610,786,522,1308
7/6/2019,18,8780,786,525,1311
8/6/2019,18,9311,762,539,1301
9/6/2019,25,8819,766,581,1347
10/6/2019,15,9160,780,575,1355
11/6/2019,24,8733,700,507,1207
12/6/2019,19,8645,798,595,1393
13/06/2019,25,8922,743,530,1273
14/06/2019,15,9098,775,541,1316
15/06/2019,25,8808,741,525,1266
16/06/2019,22,9217,701,597,1298
17/06/2019,19,8572,760,534,1294
18/06/2019,16,8912,797,599,1396
19/06/2019,15,8781,790,577,1367
20/06/2019,21,8741,733,512,1245
21/06/2019,24,9150,724,532,1256
22/06/2019,15,9260,706,544,1250
23/06/2019,22,8534,733,543,1276
24/06/2019,20,8658,704,532,1236
25/06/2019,22,8941,794,517,1311
26/06/2019,25,9093,783,548,1331
27/06/2019,21,9329,701,578,1279
28/06/2019,21,9161,703,550,1253
29/06/2019,19,9295,713,584,1297
30/06/2019,25,9107,754,505,1259
1/7/2019,18,8788,746,578,1324
2/7/2019,17,9299,779,587,1366
3/7/2019,19,9485,742,501,1243
4/7/2019,16,8856,774,546,1320
5/7/2019,17,9483,755,577,1332
6/7/2019,23,8750,752,562,1314
7/7/2019,22,8646,772,569,1341
8/7/2019,16,9457,737,501,1238
9/7/2019,22,9098,785,594,1379
10/7/2019,24,8778,791,521,1312
11/7/2019,19,9325,770,558,1328
12/7/2019,21,9157,726,545,1271
13/07/2019,16,9378,794,503,1297
14/07/2019,16,9412,743,584,1327
15/07/2019,22,9021,725,520,1245
16/07/2019,19,8501,769,527,1296
17/07/2019,25,8636,779,505,1284
18/07/2019,23,8512,725,520,1245
19/07/2019,25,8589,772,580,1352
20/07/2019,21,9121,731,566,1297
21/07/2019,17,9206,785,533,1318
22/07/2019,21,8698,757,507,1264
23/07/2019,17,8636,759,577,1336
24/07/2019,17,9140,702,545,1247
25/07/2019,15,9465,775,565,1340
26/07/2019,24,9186,731,548,1279
27/07/2019,20,9486,708,592,1300
28/07/2019,25,9184,719,577,1296
29/07/2019,22,9281,710,547,1257
30/07/2019,25,8724,736,594,1330
31/07/2019,20,9019,799,539,1338
1/8/2019,16,8552,790,548,1338
2/8/2019,25,9395,708,563,1271
3/8/2019,24,9369,714,515,1229
4/8/2019,16,8874,794,549,1343
5/8/2019,21,8966,787,505,1292
6/8/2019,20,9192,735,517,1252
7/8/2019,20,9107,710,575,1285
8/8/2019,16,9210,726,512,1238
9/8/2019,23,8563,709,511,1220
10/8/2019,23,9077,722,562,1284
11/8/2019,22,9450,745,517,1262
12/8/2019,16,9135,735,597,1332
13/08/2019,17,8716,794,560,1354
14/08/2019,16,8769,742,519,1261
15/08/2019,20,9047,753,573,1326
16/08/2019,16,9272,718,549,1267
17/08/2019,20,8776,730,566,1296
18/08/2019,24,9080,724,600,1324
19/08/2019,22,9469,750,524,1274
20/08/2019,15,8740,796,501,1297
21/08/2019,24,9104,746,533,1279
22/08/2019,20,8743,702,529,1231
23/08/2019,20,8699,800,591,1391
24/08/2019,17,8722,766,510,1276
25/08/2019,24,8940,791,523,1314
26/08/2019,21,8771,749,571,1320
27/08/2019,25,8832,796,600,1396
28/08/2019,15,8620,793,586,1379
29/08/2019,25,8851,712,597,1309
30/08/2019,25,9109,788,512,1300
31/08/2019,16,8792,733,573,1306
1/9/2019,20,8524,714,544,1258
2/9/2019,23,9181,712,571,1283
3/9/2019,21,9497,776,515,1291
4/9/2019,21,8553,751,555,1306
5/9/2019,17,8662,797,513,1310
6/9/2019,18,8663,715,522,1237
7/9/2019,25,8664,778,509,1287
8/9/2019,22,9318,723,543,1266
9/9/2019,20,8919,702,510,1212
10/9/2019,19,9369,793,539,1332
11/9/2019,20,9087,785,525,1310
12/9/2019,22,8880,755,530,1285
13/09/2019,17,8515,764,570,1334
14/09/2019,16,8568,746,524,1270
15/09/2019,16,8888,726,509,1235
16/09/2019,18,9172,797,546,1343
17/09/2019,22,8568,753,584,1337
18/09/2019,18,9271,799,535,1334
19/09/2019,24,9412,744,585,1329
20/09/2019,23,9464,709,561,1270
21/09/2019,25,9390,751,588,1339
22/09/2019,23,9356,713,525,1238
23/09/2019,23,9379,713,542,1255
24/09/2019,21,9077,744,558,1302
25/09/2019,15,8682,790,591,1381
26/09/2019,24,9400,748,589,1337
27/09/2019,18,9291,719,525,1244
28/09/2019,20,9284,736,582,1318
29/09/2019,23,9423,777,515,1292
30/09/2019,22,8583,752,517,1269
1/10/2019,25,8662,730,508,1238
2/10/2019,16,8951,720,589,1309
3/10/2019,17,9300,712,571,1283
4/10/2019,22,8723,764,531,1295
5/10/2019,17,8663,717,561,1278
6/10/2019,17,9189,757,590,1347
7/10/2019,22,9123,796,541,1337
8/10/2019,22,9212,738,532,1270
9/10/2019,22,9496,787,533,1320
10/10/2019,18,9268,766,568,1334
11/10/2019,20,8674,767,573,1340
12/10/2019,16,9240,712,519,1231
13/10/2019,19,9347,771,574,1345
14/10/2019,16,8965,774,500,1274
15/10/2019,18,8664,782,515,1297
16/10/2019,22,9312,751,520,1271
17/10/2019,25,9198,754,504,1258
18/10/2019,20,8918,742,538,1280
19/10/2019,22,8518,703,539,1242
20/10/2019,23,9145,757,526,1283
21/10/2019,23,9459,743,576,1319
22/10/2019,15,9066,752,511,1263
23/10/2019,19,8728,779,577,1356
24/10/2019,24,9159,731,569,1300
25/10/2019,19,8768,768,592,1360
26/10/2019,15,8700,783,575,1358
27/10/2019,22,9476,788,531,1319
28/10/2019,15,8882,780,563,1343
29/10/2019,19,8935,702,539,1241
30/10/2019,21,8818,734,518,1252
31/10/2019,17,9021,723,584,1307
1/11/2019,18,8693,749,552,1301
2/11/2019,15,9086,706,590,1296
3/11/2019,19,8906,777,547,1324
4/11/2019,21,8592,740,575,1315
5/11/2019,25,9283,704,544,1248
6/11/2019,25,8730,785,586,1371
7/11/2019,18,8969,741,514,1255
8/11/2019,23,8989,766,512,1278
9/11/2019,23,9339,759,534,1293
10/11/2019,25,9278,798,560,1358
11/11/2019,22,8837,777,551,1328
12/11/2019,18,8584,800,569,1369
13/11/2019,17,9471,738,540,1278
14/11/2019,17,8557,737,505,1242
15/11/2019,17,9256,789,561,1350
16/11/2019,24,9461,747,509,1256
17/11/2019,19,9249,774,571,1345
18/11/2019,24,9232,731,547,1278
19/11/2019,23,9312,755,523,1278
20/11/2019,17,9088,729,575,1304
21/11/2019,20,8621,767,590,1357
22/11/2019,16,8691,776,564,1340
23/11/2019,23,9358,772,559,1331
24/11/2019,19,9366,766,505,1271
25/11/2019,17,9312,796,520,1316
26/11/2019,25,8967,707,557,1264
27/11/2019,21,8928,751,540,1291
28/11/2019,20,9016,763,519,1282
29/11/2019,24,8695,723,597,1320
30/11/2019,20,9061,770,536,1306
1/12/2019,21,9091,736,578,1314
2/12/2019,23,9005,771,522,1293
3/12/2019,23,8637,740,569,1309
4/12/2019,15,8510,723,548,1271
5/12/2019,21,9436,795,554,1349
6/12/2019,23,8691,725,579,1304
7/12/2019,19,8684,734,519,1253
8/12/2019,25,8621,787,525,1312
9/12/2019,17,9174,750,588,1338
10/12/2019,24,8930,751,581,1332
11/12/2019,25,8562,735,598,1333
12/12/2019,24,8629,772,580,1352
13/12/2019,20,9201,745,564,1309
14/12/2019,17,9171,714,594,1308
15/12/2019,20,8784,744,504,1248
16/12/2019,18,8900,734,597,1331
17/12/2019,22,9464,772,592,1364
18/12/2019,19,9496,779,571,1350
19/12/2019,17,8947,744,539,1283
20/12/2019,15,8998,708,501,1209
21/12/2019,17,9466,772,581,1353
22/12/2019,20,8551,748,552,1300
23/12/2019,15,9014,735,546,1281
24/12/2019,25,8939,791,543,1334
25/12/2019,19,8569,752,514,1266
26/12/2019,17,8631,724,580,1304
27/12/2019,22,8719,793,580,1373
28/12/2019,23,9303,764,586,1350
29/12/2019,25,8530,770,511,1281
30/12/2019,15,8810,750,575,1325
31/12/2019,22,9463,773,554,1327
1/1/2020,15,5642,751,560,1311
2/1/2020,19,6486,755,550,1305
3/1/2020,25,5585,759,506,1265
4/1/2020,18,5616,742,595,1337
5/1/2020,23,6499,796,578,1374
6/1/2020,16,5520,717,544,1261
7/1/2020,25,5635,739,539,1278
8/1/2020,19,6119,737,535,1272
9/1/2020,18,5722,707,539,1246
10/1/2020,16,5584,716,555,1271
11/1/2020,25,5862,791,552,1343
12/1/2020,16,6104,735,535,1270
13/01/2020,24,5537,708,565,1273
14/01/2020,19,6466,711,588,1299
15/01/2020,19,5560,770,547,1317
16/01/2020,20,6055,783,537,1320
17/01/2020,17,5911,713,505,1218
18/01/2020,25,6002,770,529,1299
19/01/2020,15,5873,710,556,1266
20/01/2020,20,5562,789,590,1379
21/01/2020,17,6258,781,511,1292
22/01/2020,24,6027,715,535,1250
23/01/2020,21,6067,796,570,1366
24/01/2020,19,6362,747,507,1254
25/01/2020,21,6288,790,506,1296
26/01/2020,17,6074,737,532,1269
27/01/2020,19,5978,705,570,1275
28/01/2020,21,5958,789,541,1330
29/01/2020,20,6012,729,536,1265
30/01/2020,22,5543,742,588,1330
31/01/2020,24,6030,776,592,1368
1/2/2020,20,5844,743,590,1333
2/2/2020,25,6090,721,549,1270
3/2/2020,25,5589,704,556,1260
4/2/2020,25,5972,797,600,1397
5/2/2020,22,6270,732,562,1294
6/2/2020,22,5647,774,593,1367
7/2/2020,24,5916,772,548,1320
8/2/2020,17,6490,754,564,1318
9/2/2020,16,5535,779,590,1369
10/2/2020,25,6255,723,547,1270
11/2/2020,24,6162,744,569,1313
12/2/2020,25,6431,733,584,1317
13/02/2020,15,5622,708,535,1243
14/02/2020,16,5851,763,538,1301
15/02/2020,21,5524,790,574,1364
16/02/2020,23,5591,740,569,1309
17/02/2020,22,6050,734,523,1257
18/02/2020,25,6147,792,559,1351
19/02/2020,21,6176,751,596,1347
20/02/2020,15,6075,741,521,1262
21/02/2020,16,6213,732,537,1269
22/02/2020,19,5856,709,584,1293
23/02/2020,24,6300,766,587,1353
24/02/2020,17,6356,718,518,1236
25/02/2020,22,6189,708,549,1257
26/02/2020,18,5988,783,571,1354
27/02/2020,21,5540,798,513,1311
28/02/2020,15,5947,746,502,1248
29/02/2020,16,5630,751,572,1323
1/3/2020,16,5589,749,510,1259
2/3/2020,25,5784,743,501,1244
3/3/2020,15,5835,766,582,1348
4/3/2020,22,6301,762,550,1312
5/3/2020,15,6474,747,522,1269
6/3/2020,23,5830,718,522,1240
7/3/2020,17,5593,720,517,1237
8/3/2020,19,5920,709,546,1255
9/3/2020,19,6032,753,520,1273
10/3/2020,18,5512,777,560,1337
11/3/2020,25,5974,731,508,1239
12/3/2020,22,5662,799,518,1317
13/03/2020,22,5931,786,551,1337
14/03/2020,17,6120,721,551,1272
15/03/2020,22,5942,773,555,1328
16/03/2020,16,1,1,1,1
17/03/2020,19,1,1,1,1
18/03/2020,15,1,1,1,1
19/03/2020,22,1,1,1,1
20/03/2020,24,1,1,1,1
21/03/2020,25,1,1,1,1
22/03/2020,20,1,1,1,1
23/03/2020,25,1,1,1,1
24/03/2020,24,1,1,1,1
25/03/2020,20,1,1,1,1
26/03/2020,16,1,1,1,1
27/03/2020,22,1,1,1,1
28/03/2020,17,1,1,1,1
29/03/2020,21,1,1,1,1
30/03/2020,25,1,1,1,1
31/03/2020,18,1,1,1,1
1/4/2020,1,1,1,1,1
2/4/2020,1,1,1,1,1
3/4/2020,1,1,1,1,1
4/4/2020,1,1,1,1,1
5/4/2020,1,1,1,1,1
6/4/2020,1,1,1,1,1
7/4/2020,1,1,1,1,1
8/4/2020,1,1,1,1,1
9/4/2020,1,1,1,1,1
10/4/2020,1,1,1,1,1
11/4/2020,1,1,1,1,1
12/4/2020,1,1,1,1,1
13/04/2020,1,1,1,1,1
14/04/2020,1,1,1,1,1
15/04/2020,1,1,1,1,1
16/04/2020,1,1,1,1,1
17/04/2020,1,1,1,1,1
18/04/2020,1,1,1,1,1
19/04/2020,1,1,1,1,1
20/04/2020,1,1,1,1,1
21/04/2020,1,1,1,1,1
22/04/2020,1,1,1,1,1
23/04/2020,1,1,1,1,1
24/04/2020,1,1,1,1,1
25/04/2020,1,1,1,1,1
26/04/2020,1,1,1,1,1
27/04/2020,1,1,1,1,1
28/04/2020,1,1,1,1,1
29/04/2020,1,1,1,1,1
30/04/2020,1,1,1,1,1
1/5/2020,1,1,1,1,1
2/5/2020,1,1,1,1,1
3/5/2020,1,1,1,1,1
4/5/2020,1,1,1,1,1
5/5/2020,1,1,1,1,1
6/5/2020,1,1,1,1,1
7/5/2020,1,1,1,1,1
8/5/2020,1,1,1,1,1
9/5/2020,1,1,1,1,1
10/5/2020,1,1,1,1,1
11/5/2020,1,1,1,1,1
12/5/2020,1,1,1,1,1
13/05/2020,1,1,1,1,1
14/05/2020,1,1,1,1,1
15/05/2020,1,1,1,1,1
16/05/2020,1,1,1,1,1
17/05/2020,1,1,1,1,1
18/05/2020,1,1,1,1,1
19/05/2020,1,1,1,1,1
20/05/2020,1,1,1,1,1
21/05/2020,1,1,1,1,1
22/05/2020,1,1,1,1,1
23/05/2020,1,1,1,1,1
24/05/2020,1,1,1,1,1
25/05/2020,1,1,1,1,1
26/05/2020,1,1,1,1,1
27/05/2020,1,1,1,1,1
28/05/2020,1,1,1,1,1
29/05/2020,1,1,1,1,1
30/05/2020,1,1,1,1,1
31/05/2020,1,1,1,1,1
1/6/2020,1,1,1,1,1
2/6/2020,1,1,1,1,1
3/6/2020,1,1,1,1,1
4/6/2020,1,1,1,1,1
5/6/2020,1,1,1,1,1
6/6/2020,1,1,1,1,1
7/6/2020,1,1,1,1,1
8/6/2020,1,1,1,1,1
9/6/2020,1,1,1,1,1
10/6/2020,1,1,1,1,1
11/6/2020,1,1,1,1,1
12/6/2020,1,1,1,1,1
13/06/2020,1,1,1,1,1
14/06/2020,1,1,1,1,1
15/06/2020,1,1,1,1,1
16/06/2020,1,1,1,1,1
17/06/2020,1,1,1,1,1
18/06/2020,1,1,1,1,1
19/06/2020,1,1,1,1,1
20/06/2020,1,1,1,1,1
21/06/2020,1,1,1,1,1
22/06/2020,1,1,1,1,1
23/06/2020,1,1,1,1,1
24/06/2020,1,1,1,1,1
25/06/2020,1,1,1,1,1
26/06/2020,1,1,1,1,1
27/06/2020,1,1,1,1,1
28/06/2020,1,1,1,1,1
29/06/2020,1,1,1,1,1
30/06/2020,1,1,1,1,1
1/7/2020,1,1,1,1,1
2/7/2020,1,1,1,1,1
3/7/2020,1,1,1,1,1
4/7/2020,1,1,1,1,1
5/7/2020,1,1,1,1,1
6/7/2020,1,1,1,1,1
7/7/2020,1,1,1,1,1
8/7/2020,1,1,1,1,1
9/7/2020,1,1,1,1,1
10/7/2020,1,1,1,1,1
11/7/2020,1,1,1,1,1
12/7/2020,1,1,1,1,1
13/07/2020,1,1,1,1,1
14/07/2020,1,1,1,1,1
15/07/2020,1,1,1,1,1
16/07/2020,1,1,1,1,1
17/07/2020,1,1,1,1,1
18/07/2020,1,1,1,1,1
19/07/2020,1,1,1,1,1
20/07/2020,1,1,1,1,1
21/07/2020,1,1,1,1,1
22/07/2020,1,1,1,1,1
23/07/2020,1,1,1,1,1
24/07/2020,1,1,1,1,1
25/07/2020,1,1,1,1,1
26/07/2020,1,1,1,1,1
27/07/2020,1,1,1,1,1
28/07/2020,1,1,1,1,1
29/07/2020,1,1,1,1,1
30/07/2020,1,1,1,1,1
31/07/2020,1,1,1,1,1
1/8/2020,5,2819,918,1063,1981
2/8/2020,4,2974,947,1029,1976
3/8/2020,3,2534,951,1080,2031
4/8/2020,1,2124,971,980,1951
5/8/2020,6,2252,1039,1029,2068
6/8/2020,6,3382,931,952,1883
7/8/2020,5,3868,1096,1022,2118
8/8/2020,2,3946,947,913,1860
9/8/2020,2,3901,1035,918,1953
10/8/2020,5,3025,1044,1044,2088
11/8/2020,6,2247,948,1000,1948
12/8/2020,4,2915,1042,974,2016
13/08/2020,5,2104,925,1020,1945
14/08/2020,2,3532,1060,910,1970
15/08/2020,5,2794,925,1017,1942
16/08/2020,2,2270,1002,1008,2010
17/08/2020,7,3561,920,966,1886
18/08/2020,1,3855,1060,934,1994
19/08/2020,7,3978,1059,997,2056
20/08/2020,1,2617,960,1009,1969
21/08/2020,6,2546,932,1048,1980
22/08/2020,2,2785,953,941,1894
23/08/2020,2,3669,932,1055,1987
24/08/2020,3,3277,975,927,1902
25/08/2020,7,2350,1039,1065,2104
26/08/2020,6,3352,1043,1003,2046
27/08/2020,7,3904,1044,942,1986
28/08/2020,6,2574,944,1060,2004
29/08/2020,5,2283,982,1099,2081
30/08/2020,2,3392,919,959,1878
31/08/2020,4,3269,1004,1085,2089
1/9/2020,1,3659,1011,906,1917
2/9/2020,2,2647,1013,1099,2112
3/9/2020,2,3380,951,904,1855
4/9/2020,5,3313,947,1089,2036
5/9/2020,2,3799,990,900,1890
6/9/2020,3,3432,981,921,1902
7/9/2020,7,2346,999,1072,2071
8/9/2020,6,3075,932,1035,1967
9/9/2020,7,3663,1039,930,1969
10/9/2020,7,2126,1064,1002,2066
11/9/2020,2,3232,992,1032,2024
12/9/2020,5,3308,928,988,1916
13/09/2020,3,3912,1076,900,1976
14/09/2020,1,2750,961,921,1882
15/09/2020,1,2922,967,924,1891
16/09/2020,4,3133,915,1097,2012
17/09/2020,5,2439,954,988,1942
18/09/2020,3,2111,992,914,1906
19/09/2020,1,3512,952,941,1893
20/09/2020,4,3590,1086,977,2063
21/09/2020,2,2740,1025,911,1936
22/09/2020,5,3563,1095,908,2003
23/09/2020,5,2838,1065,934,1999
24/09/2020,3,3467,1050,1058,2108
25/09/2020,6,3194,1075,904,1979
26/09/2020,1,3575,997,1085,2082
27/09/2020,5,3786,1064,1023,2087
28/09/2020,7,2388,1048,925,1973
29/09/2020,5,3473,1056,975,2031
30/09/2020,4,2269,1009,1076,2085
1/10/2020,4,2673,818,924,1742
2/10/2020,6,3231,843,947,1790
3/10/2020,4,2811,838,939,1777
4/10/2020,6,3792,801,917,1718
5/10/2020,4,3210,824,947,1771
6/10/2020,2,2124,819,929,1748
7/10/2020,4,2325,843,913,1756
8/10/2020,7,2129,828,911,1739
9/10/2020,3,3313,822,947,1769
10/10/2020,3,2779,836,912,1748
11/10/2020,2,3550,816,913,1729
12/10/2020,7,2791,834,935,1769
13/10/2020,4,3137,848,919,1767
14/10/2020,2,2050,811,916,1727
15/10/2020,1,3585,810,948,1758
16/10/2020,1,2764,805,919,1724
17/10/2020,5,2624,845,913,1758
18/10/2020,2,3889,814,922,1736
19/10/2020,1,2379,828,939,1767
20/10/2020,6,2787,805,948,1753
21/10/2020,3,2815,846,901,1747
22/10/2020,2,2089,827,915,1742
23/10/2020,7,2031,831,942,1773
24/10/2020,5,3775,805,946,1751
25/10/2020,2,2676,820,946,1766
26/10/2020,6,3985,815,934,1749
27/10/2020,5,3933,822,916,1738
28/10/2020,5,2936,842,936,1778
29/10/2020,2,3615,816,916,1732
30/10/2020,7,3568,809,901,1710
31/10/2020,7,2208,803,941,1744
1/11/2020,2,2266,812,906,1718
2/11/2020,7,2998,841,931,1772
3/11/2020,7,2290,820,940,1760
4/11/2020,6,1951,820,932,1752
5/11/2020,4,1111,821,942,1763
6/11/2020,6,1516,826,940,1766
7/11/2020,2,1209,847,921,1768
8/11/2020,2,1158,818,920,1738
9/11/2020,2,1336,801,914,1715
10/11/2020,5,1309,843,941,1784
11/11/2020,3,1976,814,910,1724
12/11/2020,5,1975,817,949,1766
13/11/2020,3,1496,817,947,1764
14/11/2020,6,1120,824,939,1763
15/11/2020,1,1780,823,924,1747
16/11/2020,5,1764,813,900,1713
17/11/2020,1,1197,814,934,1748
18/11/2020,7,1447,834,911,1745
19/11/2020,6,1983,827,912,1739
20/11/2020,3,1036,819,920,1739
21/11/2020,5,1021,800,948,1748
22/11/2020,6,1680,831,918,1749
23/11/2020,1,1765,817,949,1766
24/11/2020,5,1485,805,926,1731
25/11/2020,7,1364,828,942,1770
26/11/2020,5,1108,803,938,1741
27/11/2020,2,1894,820,927,1747
28/11/2020,5,1779,815,916,1731
29/11/2020,7,1711,828,945,1773
30/11/2020,6,1760,802,934,1736
1/12/2020,7,1526,824,945,1769
2/12/2020,2,1715,815,937,1752
3/12/2020,1,1696,833,945,1778
4/12/2020,6,1422,819,915,1734
5/12/2020,7,1488,823,937,1760
6/12/2020,6,1409,837,936,1773
7/12/2020,6,1837,840,902,1742
8/12/2020,3,1812,804,945,1749
9/12/2020,2,1028,819,916,1735
10/12/2020,1,1093,815,938,1753
11/12/2020,7,1859,842,906,1748
12/12/2020,3,1735,840,936,1776
13/12/2020,6,1985,845,931,1776
14/12/2020,1,1677,844,933,1777
15/12/2020,7,1443,818,914,1732
16/12/2020,4,1498,846,944,1790
17/12/2020,4,1196,825,916,1741
18/12/2020,7,1845,819,947,1766
19/12/2020,3,1324,841,949,1790
20/12/2020,1,1764,829,935,1764
21/12/2020,5,1630,808,912,1720
22/12/2020,1,1569,845,919,1764
23/12/2020,3,1095,848,923,1771
24/12/2020,3,1553,828,917,1745
25/12/2020,5,1994,801,920,1721
26/12/2020,6,1411,813,934,1747
27/12/2020,2,1246,834,910,1744
28/12/2020,4,1930,808,925,1733
29/12/2020,5,1636,820,930,1750
30/12/2020,4,1324,805,946,1751
31/12/2020,4,1938,818,926,1744
